email,entered,timestamp
spencerkossman@gmail.com,nee,
fritzloverde@gmail.com,nee,
laryssasteinhauser@gmail.com,nee,
samuelebottomley@gmail.com,nee,
wilburteguizabal@gmail.com,nee,
thorvaldvandeweert@gmail.com,nee,
charlenadaurizio@gmail.com,nee,
ramseybeus@gmail.com,nee,
hagopianveronica56@gmail.com,nee,
eloraseung@gmail.com,nee,
lindyamabile@gmail.com,nee,
graziavormwald@gmail.com,nee,
shethgeraldina@gmail.com,nee,
dynahlesco@gmail.com,nee,
nahumshiraishi@gmail.com,nee,
glynnfossett@gmail.com,nee,
karilynnyearling@gmail.com,nee,
spallmira@gmail.com,nee,
siegwarthrobin14@gmail.com,nee,
zachcrauswell@gmail.com,nee,
matthieupingrey@gmail.com,nee,
cesyaloesch@gmail.com,nee,
bailiegarzone@gmail.com,nee,
mauritzforsyth@gmail.com,nee,
sallidasmann@gmail.com,nee,
lorenzabalwinski@gmail.com,nee,
christianoheiss@gmail.com,nee,
birgittarosene@gmail.com,nee,
westleypereyda@gmail.com,nee,
demetritanimoto@gmail.com,nee,
karilynnskillen@gmail.com,nee,
britanicovitz@gmail.com,nee,
lewisonbrad93@gmail.com,nee,
elmiratooman@gmail.com,nee,
ephrayimdefore@gmail.com,nee,
lehelizabeth29@gmail.com,nee,
kristendeman@gmail.com,nee,
gregorjurries@gmail.com,nee,
jenswalt75@gmail.com,nee,
ninoncoccoli@gmail.com,nee,
tilervillafane@gmail.com,nee,
slaughterlion64@gmail.com,nee,
clemensvanvranken@gmail.com,nee,
bearnardgreiwe@gmail.com,nee,
jacquettakilson@gmail.com,nee,
ozzyklafehn@gmail.com,nee,
gilbertgretchen86@gmail.com,nee,
thedricdefreese@gmail.com,nee,
terrillprosienski@gmail.com,nee,
rozetruitt@gmail.com,nee,
wuestenbergandreas96@gmail.com,nee,
celestynjablonsky@gmail.com,nee,
beckiecalabretta@gmail.com,nee,
savinamangubat@gmail.com,nee,
jourdanmancher@gmail.com,nee,
sumnerbeese@gmail.com,nee,
ansticeroumeliotis@gmail.com,nee,
donnykissack@gmail.com,nee,
ossiedingus@gmail.com,nee,
chaddyblauser@gmail.com,nee,
chelsaekahawai@gmail.com,nee,
dyannawittry@gmail.com,nee,
quinceypirre@gmail.com,nee,
tishasertuche@gmail.com,nee,
ceeceedemry@gmail.com,nee,
chencornford@gmail.com,nee,
ferdinandnedrow@gmail.com,nee,
blaynebergsma@gmail.com,nee,
reubetiede@gmail.com,nee,
lockemcilhinney@gmail.com,nee,
dolliliggons@gmail.com,nee,
orelleapgar@gmail.com,nee,
mandidunnagan@gmail.com,nee,
meggiekeeney@gmail.com,nee,
bonnedel71@gmail.com,nee,
remusgiammona@gmail.com,nee,
frederichgullett@gmail.com,nee,
austinabuco@gmail.com,nee,
duffybreiner@gmail.com,nee,
hiranogord@gmail.com,nee,
guldenbrad59@gmail.com,nee,
isidorecalrk@gmail.com,nee,
umbertosayegh@gmail.com,nee,
paologoldrick@gmail.com,nee,
naslundcarmine@gmail.com,nee,
freddilansdale@gmail.com,nee,
dulanytate@gmail.com,nee,
andreasmckenny@gmail.com,nee,
colargilbert@gmail.com,nee,
christophdecristoforo@gmail.com,nee,
penningparker43@gmail.com,nee,
bernadinaashland@gmail.com,nee,
andriettebobian@gmail.com,nee,
godinocodi@gmail.com,nee,
vasilisbrenda@gmail.com,nee,
mahmudrandoll@gmail.com,nee,
agelfrechette@gmail.com,nee,
mitchaelquigley@gmail.com,nee,
maurenevaquero@gmail.com,nee,
jankabellingtier@gmail.com,nee,
karnaconnick@gmail.com,nee,
agnolagutter@gmail.com,nee,
modestaodwyer@gmail.com,nee,
brineykilbourne@gmail.com,nee,
jacquettahoschouer@gmail.com,nee,
jazminhoovler@gmail.com,nee,
jeretranel@gmail.com,nee,
mauritzbeckham@gmail.com,nee,
meiersolima@gmail.com,nee,
emiledorman@gmail.com,nee,
maudefrancese@gmail.com,nee,
saurchrist@gmail.com,nee,
hedwigstinett@gmail.com,nee,
hazelvost@gmail.com,nee,
pilledel17@gmail.com,nee,
welshmcnellie@gmail.com,nee,
fecteauelsa@gmail.com,nee,
emiliemankel@gmail.com,nee,
philliedurepo@gmail.com,nee,
maccallumhewett@gmail.com,nee,
moreenpothier@gmail.com,nee,
herbhaley79@gmail.com,nee,
gregdarin14@gmail.com,nee,
allinastovell@gmail.com,nee,
cicilyrude@gmail.com,nee,
wendieleutwiler@gmail.com,nee,
floreleilah@gmail.com,nee,
bertiezone@gmail.com,nee,
apodacaraul81@gmail.com,nee,
sawyerjohan34@gmail.com,nee,
winnahcoroniti@gmail.com,nee,
anthonyrodocker@gmail.com,nee,
mcbeanranee@gmail.com,nee,
litamacmillan@gmail.com,nee,
ferdinandamickell@gmail.com,nee,
buonassisikarlen@gmail.com,nee,
glenineater@gmail.com,nee,
marcilejeziorski@gmail.com,nee,
carmonmcpherren@gmail.com,nee,
hildycapelo@gmail.com,nee,
florastagnitto@gmail.com,nee,
nickelscoleman@gmail.com,nee,
jurigarichard99@gmail.com,nee,
merriemowrer@gmail.com,nee,
orrenbovain@gmail.com,nee,
clawsonmarsha16@gmail.com,nee,
isidorewortley@gmail.com,nee,
carmitawasmund@gmail.com,nee,
dieterkonkle@gmail.com,nee,
pinlaurens54@gmail.com,nee,
rothgerdes@gmail.com,nee,
jacepapelian@gmail.com,nee,
howardreckart@gmail.com,nee,
franceneprosper@gmail.com,nee,
maynordplank@gmail.com,nee,
norineexner@gmail.com,nee,
danaportsche@gmail.com,nee,
donaldjaubert@gmail.com,nee,
roryskoczylas@gmail.com,nee,
melanycoopersmith@gmail.com,nee,
milzievelverton@gmail.com,nee,
jenifferhorkley@gmail.com,nee,
maudiepoette@gmail.com,nee,
kurtcoppin@gmail.com,nee,
gavenaun@gmail.com,nee,
maryannagilliom@gmail.com,nee,
marceliaauton@gmail.com,nee,
clarypoor@gmail.com,nee,
sheffwalshe@gmail.com,nee,
emeryratering@gmail.com,nee,
griffloarca@gmail.com,nee,
tiphanievallarta@gmail.com,nee,
viviandowler@gmail.com,nee,
moishelavoie@gmail.com,nee,
corahongerholt@gmail.com,nee,
donalskenandore@gmail.com,nee,
emilinevanacore@gmail.com,nee,
adrianostermiller@gmail.com,nee,
ziaheholt@gmail.com,nee,
hawleyarron47@gmail.com,nee,
jermainfukada@gmail.com,nee,
garvystrutz@gmail.com,nee,
rodneymeo@gmail.com,nee,
mikulaluana19@gmail.com,nee,
brandewiedon@gmail.com,nee,
imogenheningburg@gmail.com,nee,
geofdeno@gmail.com,nee,
sarinegaleotti@gmail.com,nee,
flincoonrad@gmail.com,nee,
robeniabowhall@gmail.com,nee,
carrancogalen44@gmail.com,nee,
teeterlouis77@gmail.com,nee,
langsdaleadrian33@gmail.com,nee,
treschapassini@gmail.com,nee,
whitneytaetzsch@gmail.com,nee,
johnnieeverding@gmail.com,nee,
stephansalyssa@gmail.com,nee,
edinveres@gmail.com,nee,
bairdhathcock@gmail.com,nee,
larisachalfant@gmail.com,nee,
adriannecavicchi@gmail.com,nee,
kellsiebramon@gmail.com,nee,
sorchanodal@gmail.com,nee,
germainestarcevich@gmail.com,nee,
orenmakarem@gmail.com,nee,
antinrenison@gmail.com,nee,
moralisneila@gmail.com,nee,
lionelheimsness@gmail.com,nee,
jeanmarcmccamey@gmail.com,nee,
ansleypetka@gmail.com,nee,
lianneglorius@gmail.com,nee,
alaastimmel@gmail.com,nee,
aloyleanor@gmail.com,nee,
henriehanberry@gmail.com,nee,
everettjessica39@gmail.com,nee,
loniconforme@gmail.com,nee,
lianealthouse@gmail.com,nee,
cabebejoni@gmail.com,nee,
gabetunks@gmail.com,nee,
curtkibel@gmail.com,nee,
emyagoudaef@gmail.com,nee,
melindebuttke@gmail.com,nee,
gurleymaxie@gmail.com,nee,
carleynevens@gmail.com,nee,
wendallbausman@gmail.com,nee,
stephanusleneau@gmail.com,nee,
etheridgedustin19@gmail.com,nee,
ainsliejurgen@gmail.com,nee,
hassengerwinni@gmail.com,nee,
gerritbonjorno@gmail.com,nee,
idellerosenlof@gmail.com,nee,
panchohall26@gmail.com,nee,
rhodiacarwell@gmail.com,nee,
lindsaylavancha@gmail.com,nee,
estrademartyn@gmail.com,nee,
iannurnberger@gmail.com,nee,
heliseswierenga@gmail.com,nee,
corinekeasley@gmail.com,nee,
filipyoust@gmail.com,nee,
banuelosannemarie94@gmail.com,nee,
teresitasharpley@gmail.com,nee,
hollykroh@gmail.com,nee,
pacedigiouanni@gmail.com,nee,
ladonnairiarte@gmail.com,nee,
siegfriedkent19@gmail.com,nee,
yancekrakowski@gmail.com,nee,
serensrebeka@gmail.com,nee,
madelinshumay@gmail.com,nee,
woochangreetz@gmail.com,nee,
welbiehalper@gmail.com,nee,
kinsellaadams71@gmail.com,nee,
melesaprys@gmail.com,nee,
jarmankent84@gmail.com,nee,
quinngibble@gmail.com,nee,
melodievanecek@gmail.com,nee,
arnoldlemmen@gmail.com,nee,
cattaneotessy@gmail.com,nee,
christophhuereca@gmail.com,nee,
sidkoestler@gmail.com,nee,
georgelisadrian@gmail.com,nee,
bhansarina@gmail.com,nee,
jaquenettedardenne@gmail.com,nee,
fredeliareyez@gmail.com,nee,
nalaniseilheimer@gmail.com,nee,
clevelandbario@gmail.com,nee,
janellaosman@gmail.com,nee,
prudymagnuson@gmail.com,nee,
hinklekristy48@gmail.com,nee,
devinnenegroni@gmail.com,nee,
loeschnerwendie@gmail.com,nee,
idaliaharutunian@gmail.com,nee,
cearleyjay@gmail.com,nee,
meredethschauer@gmail.com,nee,
garrosander66@gmail.com,nee,
doddjoseph40@gmail.com,nee,
guyguetierrez@gmail.com,nee,
lauranceschuch@gmail.com,nee,
abigaelgreaser@gmail.com,nee,
bookelisabet25@gmail.com,nee,
rubinabilous@gmail.com,nee,
nevillegerdsen@gmail.com,nee,
thornierehl@gmail.com,nee,
riglermitch@gmail.com,nee,
marcikooyman@gmail.com,nee,
baileyaltobelli@gmail.com,nee,
bazburgos@gmail.com,nee,
martsgaston@gmail.com,nee,
allatrosper@gmail.com,nee,
demetrabosson@gmail.com,nee,
sabinecoverton@gmail.com,nee,
wolfypusey@gmail.com,nee,
saschahartlein@gmail.com,nee,
junieenglett@gmail.com,nee,
reinickejo37@gmail.com,nee,
umbertobable@gmail.com,nee,
quincyslutsky@gmail.com,nee,
kikeliacirullo@gmail.com,nee,
pavlovroberta45@gmail.com,nee,
ereklauck@gmail.com,nee,
aleciademuro@gmail.com,nee,
carynflota@gmail.com,nee,
gerardranjel@gmail.com,nee,
eadithwheater@gmail.com,nee,
norrislaut@gmail.com,nee,
quiglyteakell@gmail.com,nee,
sarajanemceuen@gmail.com,nee,
meredithedalleva@gmail.com,nee,
danyellerathert@gmail.com,nee,
marvenaxel@gmail.com,nee,
butchcrincoli@gmail.com,nee,
emmiemehelich@gmail.com,nee,
mishacasgrove@gmail.com,nee,
vinniehynds@gmail.com,nee,
tamarahblosser@gmail.com,nee,
johnyberneri@gmail.com,nee,
juddriehl@gmail.com,nee,
edgardolecroy@gmail.com,nee,
hughwaffenschmidt@gmail.com,nee,
nediyoxall@gmail.com,nee,
jettmarcelle@gmail.com,nee,
corendahirschberg@gmail.com,nee,
pullmanfreddie@gmail.com,nee,
morathulin@gmail.com,nee,
anallisetavella@gmail.com,nee,
chadmutart@gmail.com,nee,
rochaburke35@gmail.com,nee,
leorahmanspeaker@gmail.com,nee,
walknercaroline44@gmail.com,nee,
palmerlaska@gmail.com,nee,
avrahamcieslak@gmail.com,nee,
channingstuart64@gmail.com,nee,
niansella15@gmail.com,nee,
pruesevera@gmail.com,nee,
erichapruner@gmail.com,nee,
vladamirkeeman@gmail.com,nee,
berchtoldrekemeyer@gmail.com,nee,
merlguptill@gmail.com,nee,
conradilucie65@gmail.com,nee,
tallytommie52@gmail.com,nee,
palomastraight@gmail.com,nee,
merlinzarrillo@gmail.com,nee,
hobsandino@gmail.com,nee,
leannawolken@gmail.com,nee,
demetreladouce@gmail.com,nee,
rikkimcgoogan@gmail.com,nee,
loughranmichaela29@gmail.com,nee,
prewittchrystal@gmail.com,nee,
traceedevreese@gmail.com,nee,
solliegreg@gmail.com,nee,
harlanbaroldy@gmail.com,nee,
rosariocasi10@gmail.com,nee,
dewberrycody43@gmail.com,nee,
winwaldenberg@gmail.com,nee,
neropullens@gmail.com,nee,
daviddekulinski@gmail.com,nee,
devonforsting@gmail.com,nee,
sergeiyorker@gmail.com,nee,
sylvanbench@gmail.com,nee,
theadorarothgeb@gmail.com,nee,
clemraiford@gmail.com,nee,
sharronkirschenmann@gmail.com,nee,
brunellavoights@gmail.com,nee,
osbournschuchman@gmail.com,nee,
frangionekellen@gmail.com,nee,
herrmannfeith@gmail.com,nee,
kimmieyungbluth@gmail.com,nee,
terryeschlitz@gmail.com,nee,
fayregephart@gmail.com,nee,
melisandekeef@gmail.com,nee,
palomabeilman@gmail.com,nee,
nettatunick@gmail.com,nee,
selinefroehle@gmail.com,nee,
ulahillyer@gmail.com,nee,
gavrielkoczwara@gmail.com,nee,
marketamccorrison@gmail.com,nee,
randolphunnasch@gmail.com,nee,
nanceepiecuch@gmail.com,nee,
sineadkutsch@gmail.com,nee,
koressatuberman@gmail.com,nee,
alysontimone@gmail.com,nee,
chauncewait@gmail.com,nee,
fulviawoodring@gmail.com,nee,
nikitaguerrazzi@gmail.com,nee,
desmithbebe54@gmail.com,nee,
trixihoffmaster@gmail.com,nee,
mirabalcandida17@gmail.com,nee,
bernicepritts@gmail.com,nee,
barronberner@gmail.com,nee,
noelmetzgar@gmail.com,nee,
brittannazaire@gmail.com,nee,
merolatakiguchi@gmail.com,nee,
kimmielambros@gmail.com,nee,
izakottomaniello@gmail.com,nee,
gordoschleppenbach@gmail.com,nee,
elanafreilich@gmail.com,nee,
blarepata@gmail.com,nee,
imogencardeiro@gmail.com,nee,
rajfinley@gmail.com,nee,
pearleshipwash@gmail.com,nee,
ignatiusgarigen@gmail.com,nee,
doepallansch@gmail.com,nee,
siwardashlin@gmail.com,nee,
blissmutolo@gmail.com,nee,
meadtomehak@gmail.com,nee,
archypetersson@gmail.com,nee,
sherwashor@gmail.com,nee,
engelbartbeaulieu@gmail.com,nee,
durantelanman@gmail.com,nee,
nonnagulbrandsen@gmail.com,nee,
barneypoints@gmail.com,nee,
garretpflueger@gmail.com,nee,
robiniateisberg@gmail.com,nee,
wyatanikard@gmail.com,nee,
gladverhey@gmail.com,nee,
benjyaegerter@gmail.com,nee,
francescaverjan@gmail.com,nee,
klabunderose@gmail.com,nee,
jemmyjarriett@gmail.com,nee,
haywoodsedivy@gmail.com,nee,
kerstinreager@gmail.com,nee,
korabwait@gmail.com,nee,
andriettedorcy@gmail.com,nee,
karolsalyards@gmail.com,nee,
tynanroutt@gmail.com,nee,
dannyclowney@gmail.com,nee,
fransburgy@gmail.com,nee,
kelvinschweinert@gmail.com,nee,
montyrotunno@gmail.com,nee,
sanborndenny@gmail.com,nee,
alamedagismondi@gmail.com,nee,
venturaletts@gmail.com,nee,
olialascano@gmail.com,nee,
josephuslapier@gmail.com,nee,
frediacierley@gmail.com,nee,
neronwitfield@gmail.com,nee,
jadadilthey@gmail.com,nee,
tarrantqualle@gmail.com,nee,
jopanarella@gmail.com,nee,
napoleonsavelli@gmail.com,nee,
nancyyidiaris@gmail.com,nee,
roycemazzillo@gmail.com,nee,
phillisschayer@gmail.com,nee,
roesalec@gmail.com,nee,
yaakovbowlick@gmail.com,nee,
yevettekind@gmail.com,nee,
pennigolias@gmail.com,nee,
martinabrentley@gmail.com,nee,
gilbertinaherrud@gmail.com,nee,
docktergus@gmail.com,nee,
forwardvenkat@gmail.com,nee,
gallagherszumski@gmail.com,nee,
thaddeusreha@gmail.com,nee,
sheahanned32@gmail.com,nee,
derrinheimbigner@gmail.com,nee,
rufesauriol@gmail.com,nee,
novycarl69@gmail.com,nee,
ramondasoose@gmail.com,nee,
zachariahpomposo@gmail.com,nee,
rinkszack@gmail.com,nee,
hildegardewestly@gmail.com,nee,
blaneyfifi@gmail.com,nee,
ellsworthlatta@gmail.com,nee,
stavroskilstofte@gmail.com,nee,
emogenekreiger@gmail.com,nee,
ramseybekius@gmail.com,nee,
struckjoachim14@gmail.com,nee,
methvinkristy@gmail.com,nee,
laradanco@gmail.com,nee,
evettededominicis@gmail.com,nee,
danterickford@gmail.com,nee,
euclidpaleaae@gmail.com,nee,
huseinkostka@gmail.com,nee,
tonnierivest@gmail.com,nee,
kelcycolosimo@gmail.com,nee,
marshstiver@gmail.com,nee,
flinnedens@gmail.com,nee,
biddiecarpen@gmail.com,nee,
kettyeiben@gmail.com,nee,
rebekkahnuetzman@gmail.com,nee,
englebertherek@gmail.com,nee,
burnsdonovan63@gmail.com,nee,
mondorupert@gmail.com,nee,
hershlewinski@gmail.com,nee,
waineoquenda@gmail.com,nee,
mccallruby92@gmail.com,nee,
sibellasprake@gmail.com,nee,
ellibodreau@gmail.com,nee,
mattvankammen@gmail.com,nee,
teresitanaegle@gmail.com,nee,
waldoluensmann@gmail.com,nee,
nielsparsells@gmail.com,nee,
clemencelanderos@gmail.com,nee,
barkosalim84@gmail.com,nee,
inglebertbedocs@gmail.com,nee,
juleshorneff@gmail.com,nee,
rodgewiatrowski@gmail.com,nee,
nissycreagh@gmail.com,nee,
renatocheever@gmail.com,nee,
frickssimone@gmail.com,nee,
silvangarron@gmail.com,nee,
zamoraiggy84@gmail.com,nee,
coakleypierce@gmail.com,nee,
wilhelminagrothe@gmail.com,nee,
hoganpokswinski@gmail.com,nee,
torrinsova@gmail.com,nee,
rhodiaclineman@gmail.com,nee,
corbygranillo@gmail.com,nee,
bernardoliveria@gmail.com,nee,
germainearmentrout@gmail.com,nee,
ichaboddorsett@gmail.com,nee,
pierrettemcnew@gmail.com,nee,
elmerraske@gmail.com,nee,
celestinevalois@gmail.com,nee,
dorrieperlman@gmail.com,nee,
aubriewonderling@gmail.com,nee,
miamoore863@molotalent-agency.com,nee,
andrewwhite524@molotalent-agency.com,nee,
matthewmoore719@molotalent-agency.com,nee,
addisonbrown800@molotalent-agency.com,nee,









